SEK	AUD	6.8634
SEK	BGN	5.658
SEK	BGN	5.8032
SEK	BRL	2.1196
SEK	CAD	7.7464
SEK	CHF	12.0052
SEK	CNY	1.4536
SEK	CZK	0.4594
SEK	DKK	1.5274
SEK	EUR	11.3215
SEK	GBP	13.1025
SEK	HKD	1.3154
SEK	HUF	0.02956
SEK	IDR	0.00066
SEK	ILS	2.7491
SEK	INR	0.1232
SEK	ISK	0.07465
SEK	JPY	0.07087
SEK	KRW	0.00781
SEK	MXN	0.5969
SEK	MYR	2.1853
SEK	NOK	0.9849
SEK	NOK	0.9964
SEK	NZD	6.3866
SEK	PHP	0.1857
SEK	PLN	2.6019
SEK	RON	2.2186
SEK	SGD	7.795
SEK	THB	0.2936
SEK	TRY	0.3475
SEK	USD	10.4039
SEK	ZAR	0.5515
